Title of the Example or Article,Abstract or Summary,Link,Type of Example (Perspective/Case Study/Case studies/Review/Empirical). Case study = examples that represent one case study ; case studies = articles that contain multiple case studies ; perspective = articles that offer perspectives without cases ; Review = articles that review other literature ; empirical = articles using empirical data/experiments but do not represent case studies
EXAMPLES FROM CASE STUDY DATABASE USING ARTISTIC TOOLS,,,
Common Ground,"Common Ground is charity based in Dorset, which has been at the forefront of community conservation and environmental education in England for the last thirty years. We are not a think tank or political pressure group. We are a small, grassroots organisation that collaborate openly to reconnect people with nature and inspires communities to become responsible for their local environment. We believe that enjoying where you live and celebrating the connections people have with the wildlife and landscape on their doorstep, is at the root of meaningful conservation. We want to build identity and pride in the particularity of places and support different communities in creating a quality of life which is more sensitive to nature, is more caring of the buildings and landscapes which express our continuing history, harbours our memories, and perpetuates knowledge of ordinary lives and local culture. With the right tools, people can uncover intimate attachments to places for themselves, developing the kind of enjoyment and resolve that strengthens community resilience and cohesion in uncertain times.

Common Ground was founded in 1983 by Sue Clifford, Angela King and the writer Roger Deakin, with the idea of Local Distinctiveness at its heart. Projects like Apple Day, New Milestones, Parish Maps, Tree Dressing and Community Woodlands have captured the imagination of hundreds of communities all over the country and continue to unearth very strong feelings of attachment and belonging, to local history, to language, nature, architecture, folklore, and to the landscape of places.","http://www.theguardian.com/society/2007/dec/19/communities.voluntarysector, https://www.commonground.org.uk/what-we-do/",case study
Rachel Carson’s Silent Spring,"“Silent Spring” was published 50 years ago this month. Though she did not set out to do so,
Carson influenced the environmental movement as no one had since the 19th century’s most
celebrated hermit, Henry David Thoreau, wrote about Walden Pond. “Silent Spring” presents
a view of nature compromised by synthetic pesticides, especially DDT. Once these pesticides
entered the biosphere, Carson argued, they not only killed bugs but also made their way up the
food chain to threaten bird and fish populations and could eventually sicken children. Much of
the data and case studies that Carson drew from weren’t new;; the scientific community had
known of these findings for some time, but Carson was the first to put them all together for
the general public and to draw stark and far-­reaching conclusions. In doing so, Carson, the
citizen-­scientist, spawned a revolution.",https://www.columbia.edu/cu/alliance/EDF-2012-documents/Reading_Fox_1.pdf,case study
From Sea to Street,"The Earth’s vital ocean is constantly changing and is at risk due to pollution, overfishing, and climate change (Pörtner et al. 2022). Research highlights the importance of personal attachment to the sea in fostering responsible stewardship (Chawla 2020; Pyle 2003). In urban areas, opportunities for human-nature interactions are limited, making mediated experiences, i.e., indirect interactions a crucial tool for fostering ocean stewardship. Murals, a form of street art, are prevalent in many cities around the world (Schacter and MacDowall 2023) and have been suggested as tools to promote community engagement and raise environmental literacy and awareness (see Mattern 1999; Sanchez et al. 2020; Schneller and Irizarry 2014). Based on the lessons learned from the project “From Sea to Street”, we hypothesise that murals evoke emotions, thoughts and memories, thereby shaping and strengthening people’s connection to the marine environment",http://doi.org/10.3897/ap.e126595,case study
Mundis Maris,"This is a case with transformative potential because it is using diverse artistic expressions to make small-scale fisheries visible and relevant for coastal communities around the world andd helping (i) to encourage and promote the valuation of fishing communities' social capital and cultural heritage in pursuit of sustainable relations with the sea and the coast, including through exhibitions and other forms of communication; (ii) to encourage artistic expression in response to scientific knowledge reflecting diverse ways of 'knowing' and articulating such knowledge, (iii) to encourage the development of didactic tools for education and self-training, and (iv) to promote a better recognition of indigenous knowledge in the pursuit of the transition towards sustainability by encouraging active collaboration between researcher, artists, teachers, students and local communities.
",https://www.mundusmaris.org/about-us/,case study
Reforest Fest,"The mission at Greenpop and for the Reforest Fest is to get active and not anxious about the state of the planet. By being part of a movement, and taking on the daily grind of creating a place of bright green mindset, you’re able to get yourself into a place of feeling connected with community, seeing what’s possible with collective action and experiencing the many landscape-based projects that have seen huge success. Reforest Fest is an annual restoration celebration that brings people together to plant thousands of trees while enjoying a celebration for all ages in nature. It’s a festival for everyone, grandparents to toddlers. Restoring landscapes is fundamentally about people as much as it is about trees. It starts with connection, shared love and appreciation, and a decision to bravely start something new, often small. But through nurture, directed growth, intentional cultivation, compassion, and dedication, it can flourish into something profound and impactful. Both for our planet and future generations, we foster hope, whatever may come.
Where creativity meets participation, people congregate to enjoy in the diverse array of entertainment with interactive art & theatre for the whole family – all whilst having a blast getting active for the environment, by planting indigenous trees in degraded landscapes. It brings joy, celebration and a sense of community into restoration of landscapes. There have been incredible results. Just recently, in 2023, a camera trap footage, from the Platbos Forest Reserve, captured one of the elusive and majestic Cape Leopards, within the forest that is undergoing restoration activities. in the 11 years its been active (as of 2023) more than 7000 people have participated in the reforestation festival, 16 species of indigenous plants have been planted, 6 people have permanent employment at the UIilenkraal Valley Restoration Project, with 105k trees planted.",https://greenpop.org/reforest-fest-2023/,case study
Terrastories,"Terrastories is an application for communities to map, protect, and share stories about their land. It can be used by individuals or communities who want to connect audio or video content to places on a map. It is designed to be user-friendly and fun to interact with, allowing community members to freely explore without needing any technical background.
Terrastories began when a team of geographers from the Amazon Conservation Team and software developers from Ruby for Good decided to start building Terrastories to help a community in South America map their place-based oral histories. The Matawai Maroons of Suriname, a community of formerly enslaved Africans who fled into the forests over three centuries ago and reside there today, wanted to map oral histories about when their ancestors first arrived in these lands. The community leaders were interested in having a tool that helps the young people get to know these places, their history, their culture, and who they are as a people. ",https://terrastories.app/how-it-works/#methodology,case study
SnowChange,"Snowchange is a network and scientific organisation dedicated to documenting and preserving traditional ways of life and knowledge of indigenous cultures specifically in the Circumpolar North but also across the world. Snowchange works with local communities to gather powerful stories with the aim to influence international climate and indigenous policies. The organisation won the Worldwide Fund for Nature in 2002.

",https://www.snowchange.org/,case study
Interactive Knowledge Center (Centro Interactivo de los Conocimientos),"In 23 years, this institution has constantly sought innovation in its practices. Currently it has incorporated the intersection between art, science and nature as a key element. This last pillar has gained great importance and generated a project that includes the ecological rehabilitation of the park that surrounds the center, recovering 5 hectares of soil that has been planted with various native flora species, thus providing habitat for animals and fungi, in one of the most vulnerable areas of the capital. All of this with the purpose of reconnect the community with the country's natural heritage, reflecting, and putting into practice the regeneration of the natural environment and also of our common life.

Stimulating dialogue between scientists and artists expands the limits of knowledge, experimentation and imagination. And the conjunction of sciences and arts provide a context rich in content and relationships to understand our environment, and return to a more harmonious relationship with nature and with people.

Museums are more than spaces where the history of a country, works of art or scientific phenomena are exhibited, they are places connected with reality, with their communities, attentive to social transformations, which encourage reflection and conversation.

The Interactive Knowledge Center is today a space that invites reflection, but not only to diagnose, but mainly to act. It is a moment in history when we no longer only promote “learning by doing,” but also “doing to learn.”",https://www.registromuseoschile.cl/663/w3-article-50622.html,case study
One Ocean Hub,"The One Ocean Hub aims to transform our response to the urgent challenges facing our ocean and influence decisions and practices that shape the future of the ocean by promoting sustainability and justice. Our research seeks to bridge current disconnections in law, science and policy and integrate governance frameworks to balance multiple ocean uses with conservation. We strive to empower communities – especially women and children – most reliant upon the oceans to inform decisions based on multiple values and knowledge systems. We bring together coastal people, researchers, decision makers, civil society, and international organisations to value, and learn from, different forms of knowledge and voices.

Our 100+ researchers specifically address challenges and opportunities in South Africa, Namibia, Ghana, Fiji and Solomon Islands, through collaborative and transdisciplinary research. We also have an area of ‘international’ work that focuses on international law and policy governing the ocean.

Why we do this
The ocean provides over half of the oxygen in our planet, absorbs our carbon dioxide, provides us with food, and supports the livelihood of millions of people. Climate change, over-fishing, ocean plastics and many other pressures are posing a serious threat to the ocean and to the planet as a whole. There is a growing global awareness of the various threats to ocean health, and we are seeing efforts from the global to the local levels to respond to them. Nevertheless, the actions of government and associations are often disconnected and uncoordinated and frequently end up excluding those communities which are most reliant upon the ocean. The Hub seeks to promote a genuinely inclusive approach to ocean governance, which is urgently needed.

",https://oneoceanhub.org/,case study
 Algorithmic Justice League,"The Algorithmic Justice League is an organization that combines art and research to illuminate the social implications and harms of artificial intelligence. The AJL conducts and supports research that exposes biases within AI and develops practices for accountability during the design, development, and deployment stages of AI systems. Buolamwini's own research, which uncovered the inaccuracy of facial recognition software—especially when identifying women and people of color—led to the influential paper ""Gender Shades."" This research became a seminal work in the field, highlighting the need for more inclusive and ethical AI.


",https://www.ajl.org/,case study
Empatheater ,"Empatheatre is a research-based, theatre-making methodology that emerged from friendship and solidarity between artists, academic researchers and responsive citizens. The process begins with extensive action-based research in which co-participants and key partners work to identify matters of concern and a pressing central question. Complex problems in unequal societies require careful yet rigorous explorations of different ways of knowing, being and doing. When popular and political debates are polarised and filled with judgements, entangled livelihoods and marginalised voices are often ignored. It’s why we believe that creative and empathetic methods can facilitate multiple forms of listening to and sharing knowledge across diverse publics. Empatheatre is one such method. Emerging from the South African context, Empatheatre has, over the past five years, developed innovative new ways of constructing social spaces for equitable public dialogue. Creating an amphitheatre for empathy that embraces rather than shies away from complex entanglements in society. 
",https://www.empatheatre.com/about,case study
Fishing transformations,"Context-specific and solution-oriented collaborative environments, also known as transformative spaces, provide an ideal setting for building inspirational visions which in turn are compasses to articulate and encourage actions in the present toward shaping desired futures. The collective creation of visions –as images or stories– allow for the identification of common goals, the critical appraisal of change strategies and their implications (both rationally and emotionally) as well as the identification and imagination of alternatives –all of which help enhance collective agency. Besides, such visions make opportunities for change more visible or transparent to other actors beyond such spaces  and can lead to alignment in terms of values and goals –necessary for systems-level change. Yet, thinking creatively about the future and beyond dominant –western– ideas of progress and development is challenging, and human cognition restrictions bound possible imaginaries, especially those beyond the status-quo. Sustainability transformations represent not just cognitive or technical but also creative challenges. Leveraging the imaginative and disruptive capacity of artistic and design practicesthe arts paves the way to spark and democratize creativity within such transformative spaces, enable the integration of diverse knowledges and forms of evidence  while allowing participants to explore not only what needs to be created, but also what needs to be dismantled. The example showcases the process of co-producing a series of desirable, plural, and meaningful future visions for small-scale fisheries in Uruguay, framed in a food system perspective. Our results are embedded in a transdisciplinary process aimed at co-creating a transformative space that involves leaders of sustainability initiatives of the local food system, researchers from diverse disciplines, and artists. We describe the process of co-creating visions during a visioning workshop based on an art-based method (Collaging Futures).",https://saras-institute.org/fishing-transformations/,case study
EXAMPLES ABOUT IMAGINATION/CREATIVITY FROM THE LITERATURE,,,
Realising potentials for arts‐based sustainability science,"In recent years, a profusion of methods, practices, and experiences has emerged in the interface between arts and sustain- ability science. Drawing from two strong currents within sustainability science, namely, the emphasis on transdisciplinary approaches and the need to move towards societal transformations, such hybrid approaches seemingly contribute with unique methods to sustainability research. Despite repeated claims from sustainability scientists about art’s role in sustainability transformations, joint analyses with artists and practitioners are still rare. We conveyed a collaborative and exploratory workshop with scientists, artists, and practitioners from the fields of education, public engagement, and activism to identify the potentials for arts-based sustainability research. Participants were invited to facilitate and trial various artistic practices from disciplines of performative, literary, narrative, audio-visual and plastic arts. In this paper, we present five key areas identified in the workshop, where arts-based methods can significantly contribute to sustainability research: embracing more- than-cognitive aspects of knowledge, improving communication, grappling with power dynamics, shifting relationships to nature, and facilitating futures visioning. Workshop participants also identified challenges related to power dynamics, tensions across paradigms, and implementation conditions, providing insights into how to leverage arts’ potential to respond to global environmental challenges while boosting societal transformations. We then discuss research questions identified that address challenges and limitations for arts-based research in sustainability. Overall, these results suggest there are yet untapped resources and experiences within the field of arts-based sustainability science. (Audio-visual abstract available on S1)",https://doi.org/10.1007/s11625-021-01002-0,empirical
Imagining Collective Futures,"It is a commonly held assumption among cultural, social, and political psychologists that imagining the future of societies we live in has the potential to change how we think and act in the world. However little research has been devoted to whether this effect exists in collective imaginations, of social groups, communities and nations, for instance. This book explores the part that imagination and creativity play in the construction of collective futures, and the diversity of outlets in which these are presented, from fiction and cultural symbols to science and technology. The authors discuss this effect in social phenomena such as in intergroup conflict and social change, and focus on several cases studies to illustrate how the imagination of collective futures can guide social and political action. This book brings together theoretical and empirical contributions from cultural, social, and political psychology to offer insight into our constant (re)imagination of the societies in which we live.",https://link.springer.com/book/10.1007/978-3-319-76051-3,perspective
Imagination and transformations to sustainable and just futures,"The ability of individuals and groups to identify, assess, and pursue alternative possible futures is an essential component of their ability to deliberately and collectively respond to major sustainability challenges rather than experience unguided or forced change. Deliberately engaging in transformation processes inevitably requires imagination. We refer to imagination for transformations as interdependent cognitive and social processes that create representations of present and possible future states of the world that can inform public deliberation, policy, decision making, and behavior from the individual to the global scale. We contend that imagination is an essential capacity for securing ecological, social, economic, and cultural well-being in times of rapid and often unpredictable global change. We sketch an emerging interdisciplinary research agenda on imagination as a transformational capacity and its role in transformation processes, building on contributions to a special issue on this subject. We specifically focus on imagination in relationship to transformative agency, causation, and individual-collective dynamics. Our aim is to identify research questions and challenges that are most pressing with a view to supporting efforts of transformations toward sustainability.",https://doi.org/10.1525/elementa.2020.081,perspective
"Utopias and World-Making: Time, Transformation and the Collective Imagination","Utopias have a long and contested history of steering social change; bringing the imagined ideal collective future into reality has been seen as both a noble endeavour and the herald of totalitarian regimes and political violence. This chapter will investigate this tension in two parts: the first will explore the distinctly human future-oriented psychology and argue that imagination is central to human thinking and social organisation. The second part will discuss the role of utopias in motivating and guiding social change. We will explore the dangers of utopianism and conclude that while we need utopian visions to chart the shared path forward, it is essential that such visions are not hegemonic, but a polyphonic and ever-evolving collective imagination of the future.",https://link.springer.com/chapter/10.1007/978-3-319-76051-3_7,perspective
Imaginary politics: Climate change and making the future,"Climate change places major transformational demands on modern societies. Transformations require the capacity to collectively envision and meaningfully debate realistic and desirable futures. Without such a collective imagination capacity and active deliberation processes, societies lack both the motivation for change and guidance for decision-making in a certain direction of change. Recent arguments that science fiction can play a role in societal transformation processes is not yet supported by theory or empirical evidence. Advancing the argument that fiction can support sustainability transformations, this paper makes four contributions. First, building on the imaginary concept, I introduce and define the idea of socio-climatic imaginaries. Second, I develop a theory of imagination as linked cognitive-social processes that enable the creation of collectively shared visions of future states of the world. This theory addresses the dynamics that bridge imagination processes in the individual mind and collective imagining that informs social and political decision-making. Third, emphasizing the political nature of creating and contesting imaginaries in a society, I introduce the role of power and agency in this theory of collective imagination. I argue that both ideational and structural power concepts are relevant for understanding the potential societal influence of climate fiction. Finally, the paper illuminates these different forms of transformational power and agency with two brief case studies: two climate fiction novels. I contrast a dystopian and utopian science fiction novel – Paolo Bacigalupi’s The Water Knife (2015) and Kim Stanley Robinson’s Green Earth (2015). The two books are very similar in their power/agency profile, but the comparison provides initial insights into the different roles of optimistic and pessimistic future visions.",https://doi.org/10.1525/elementa.249,case studies
‘Not to escape the world but to join it’: responding to climate change with imagination not fantasy,"The work of climate scientists, demonstrating human-driven climate change, has not provoked the widespread and far-reaching changes to human behaviour necessary to avert potentially catastrophic environmental trajectories. This work has not yet sufficiently been able to engage the individual and collective imagination. Drawing on Samuel Taylor Coleridge (1772–1834) and Iris Murdoch (1919–1999), we can distinguish two modes under which the human imagination can operate: in Murdoch's terms, these are ‘imagination’ and ‘fantasy’. To relate imaginatively is to be willing to allow one's internal image of the world to be changed by what one encounters, while an outlook characterized by fantasy relates to the world as one would wish it were, rather than how it actually is. Fantasy, therefore, operates not only among those who deny climate change, but also among those who entertain the promise of a technological solution too optimistically. An imaginative outlook, by contrast, evaluates actions and patterns of behaviour in terms of their relation to a wider whole. This is necessary for providing the degree of agency required to step out of a cycle of ever accelerating production, which is explored in terms of an analogy to a discussion of revenge and forgiveness from Hannah Arendt (1906–1975). Ultimately, the need to engage the imagination is an opportunity as well as a challenge. To live imaginatively is fulfilling, and that is precisely what the challenges of climate change require.",https://doi.org/10.1098/rsta.2016.0365,perspective
Creativity as a Drive for Change,"This article argues that society as a whole and planning in particular need more creative responses to the problems and challenges they face. Planning needs creativity to imagine and to construct (structurally) different futures. First, the article briefly analyses two case studies: the Hasselt case as an example of creative transport planning and creative local governance; and the Perth case as an example of distorted creativity. Then the article questions the nature of planning creativity needs and looks for a systematic method. Scenario building turns out to be an excellent tool for conceiving possible futures and their processes, what must be changed first and what next. Just as there are many traditions and collective practices there are also many images of what a society wants to achieve. As the opportunities for implementing images are not equal the article reflects on a planning annex governance system that serves all citizens and especially the least powerful. All this has an impact on planners as well. In the final part, the article touches briefly on some preconditions for creativity, on how it could be enhanced and on how realistic the discourse itself is.",https://doi.org/10.1177/1473095205058496,case studies
THE POTENTIAL OF ARTS-BASED TRANSFORMATIVE RESEARCH,"This paper contributes to tourism’s conceptual, methodological and ethical debates by discussing the potential offered by arts-based participatory approaches to enrich tourism knowledge and promote co-transformation at a number of levels. To demonstrate the value of this approach, we discuss how a group of Central and Eastern European (CEE) migrant women engaged with a research project and created artworks to represent their trajectories, mobilities, identities and tourism employment experiences. We outline the benefits and limitations of the methodology and explore how it impacts on: participant involvement and empowerment; voices, self-representation and public engagement; participant, researcher and community (co)transformation; data ownership and anonymity.",https://doi.org/10.1016/j.annals.2012.09.006,case study
"Using futures methods to create transformative spaces: visions of a good
Anthropocene in southern Africa","The unique challenges posed by the Anthropocene require creative ways of engaging with the future and bringing about
transformative change. Envisioning positive futures is a first step in creating a shared understanding and commitment that enables
radical transformations toward sustainability in a world defined by complexity, diversity, and uncertainty. However, to create a
transformative space in which truly unknowable futures can be explored, new experimental approaches are needed that go beyond
merely extrapolating from the present into archetypal scenarios of the future. Here, we present a process of creative visioning where
participatory methods and tools from the field of futures studies were combined in a novel way to create and facilitate a transformative
space, with the aim of generating positive narrative visions for southern Africa. We convened a diverse group of participants in a
workshop designed to develop radically different scenarios of good Anthropocenes, based on existing “seeds” of the future in the
present. These seeds are innovative initiatives, practices, and ideas that are present in the world today, but are not currently widespread
or dominant. As a result of a carefully facilitated process that encouraged a multiplicity of perspectives, creative immersion, and
grappling with deeply held assumptions, four radical visions for southern Africa were produced. Although these futures are highly
innovative and exploratory, they still link back to current real-world initiatives and contexts. The key learning that arose from this
experience was the importance of the imagination for transformative thinking, the need to capitalize on diversity to push boundaries,
and finally, the importance of creating a space that enables participants to engage with emotions, beliefs, and complexity. This method
of engagement with the future has the potential to create transformative spaces that inspire and empower people to act toward positive
Anthropocene visions despite the complexity of the sustainability challenge",https://doi.org/10.5751/ES-09907-230119,empirical
The imaginary worlds of sustainability: observations from an interactive art installation,"We report on preliminary results from a public engagement project based on a procedural approach to sustainability. The project centered on an interactive art installation that comprised a live actor, an immersive soundscape featuring a handful of different characters, an interactive touch-table, and four interactive rooms within which participants wandered, partially guided by a narrative through-line, yet at the same time left to make sense of any larger meanings on their own. The installation was designed to experiment with two propositions: (1) that there is value in public engagement with sustainability based on the exploration and articulation of deeply held beliefs about the world—the worldviews, values, and presuppositions that mediate perception and action; (2) that there is value in replacing the infocentric tendency of most public engagement on sustainability with an approach premised in aesthetics and experiential resonance. Following the installation’s two-week pilot run, our preliminary results indicated that the majority of participants found the experience both resonant and thought provoking, and were mostly willing to critically engage with their pre-existing notions of sustainability.",https://doi.org/10.5751/ES-09240-220217,case study
"Transformational adaptation from the bottom-up: arts, alternative imaginaries, and everyday forms of resistance","Over the past decade, transformational adaptation has become a widely used concept in critical climate change adaptation debates. However, questions remain about how systems are transformed, who defines transformation, or when transformation is achieved. This paper focuses on the “how” of transformation and urges future research to theorize with the creative fields, arts-based methods, and artmaking as ‘everyday forms’ of resistance. We frame literature that focuses on mechanisms of change, such as institutions, governments, and organizations, as “top-down,” and feminist, decolonial, and resistance literature as “bottom-up” understandings of transformation. While top-down analyses are important, feminist, decolonial, and resistance literature remain at the margins of scholarship on transformation. Creative fields and methods often attend to, the redistribution of power, knowledge production, embodiments, and relationalities that other analyses may lack while also providing an instrumental way to conceptualize transformational adaptation. We assert that an articulation of alternative imaginaries, often through creative means, is an act of resistance and, more specifically, a cultural-epistemological one, using brief examples from multiple contexts around the globe. Moreover, we call for future research to theorize with the arts as an ‘everyday form’ of resistance to conceptualize and embody transformation from the bottom-up.",https://doi.org/10.1080/17565529.2025.2522450,perspective
ART FOR CHANGE: Transformative learning and youth empowerment in a changing climate,"Young people represent a powerful force for social change, and they have an important role to play in climate change responses. However, empowering young people to be ""systems changers"" is not straightforward. It is particularly challenging within educational systems that prioritize instrumental learning over critical thinking and creative actions. History has shown that by creating novel spaces for reflexivity and experimentation, the arts have played a role in shifting mindsets and opening up new political horizons. In this paper, we explore the role of art as a driver for societal transformation in a changing climate and consider how an experiment with change can facilitate reflection on relationships between individual change and systems change. Following a review of the literature on transformations, transformative learning and the role of art, we describe an experiment with change carried out with students at an Art High School in Lisbon, Portugal, which involved choosing one sustainable behavior and adopting it for 30 days. A transformative program encouraged regular reflection and group discussions. During the experiment, students started developing an art project about his or her experience with change. The results show that a transformative learning approach that engages students with art can support critical thinking and climate change awareness, new perspectives and a sense of empowerment. Experiential, arts-based approaches also have the potential to create direct and indirect effects beyond the involved participants. We conclude that climate-related art projects can serve as more than a form of science communication. They represent a process of opening up imaginative spaces where audiences can move more freely and reconsider the role of humans as responsible beings with agency and a stake in sustainability transformations.",https://doi.org/10.1525/elementa.390,empirical
"“Narrative images” as a learning approach: (transformative) adaptation scenarios for dealing with urban water risks in Hamburg, Germany","In recent years, weather-related extreme events have shown the limits of technical approaches to urban water challenges and highlighted the urgent need to rethink the relationship between cities and water and to see water as a partner in shaping transformative, climate-safe and just urban futures. However, existing scientific studies depicting future trajectories of urban water management have struggled to make the intertwined social and ecological dynamics of (transformative) urban adaptation tangible and accessible. This study focuses on the potential of visual communication of scenarios to stimulate both learning among scientists (during the process of creating the scenarios) and social learning (as a next step using the developed “narrative images”) to motivate diverse societal actors to engage with the complexity of sustainable urban water management. Art can overcome barriers of scientific and technical concepts and touch peoples' inner motivation for preserving and sustainably transforming our cities in a way that written texts cannot. As sustainability challenges transcend disciplines, this study draws methodically on an interdisciplinary scenario approach. Three adaptation scenarios were developed in a participatory process and professionally visualized as “narrative images” using the city of Hamburg as a case study. The scenarios take place in 2050 depicting a gradient ranging from coping to incremental adaptation to transformative adaptation for managing the water-adaptation nexus: “Water defensive city,” “Water resilient city,” and “Water aware city.” The scenario study shows innovatively how to bring the humanities, natural and engineering sciences into a deliberative dialog, while at the same time promoting collective learning. It can serve as a model for successful future interdisciplinary research and scenario developing exercises.

",https://doi.org/10.3389/frsc.2024.1430257,empirical
"Restoring our senses, restoring the Earth. Fostering imaginative capacities through the arts for envisioning climate transformations","Humanity has never lived in a world of global average temperature above two degrees of current levels. Moving towards such High-End Climate Change (HECC) futures presents fundamental challenges to current governance structures and involves the need to confront high uncertainties, non-linear dynamics and multiple irreversibilities in global social-ecological systems. In order to face HECC, imaginative practices able to support multiple ways of learning about and experiencing the future are necessary. In this article we analysed a set of arts-based activities conducted within the five-year EU-funded project IMPRESSIONS aimed at identifying transformative strategies to high-end climate change. The exploratory artistic activities were carried out alongside a science-led participatory integrated assessment process with stakeholders from the Iberian Peninsula. Our arts-based approach combined a range of performative, visual and reflexive practices with the ambition to reach out to more-than-rational but also practical elements of HECC futures. Our study suggests that the arts-based approach helped to bring out new ways of seeing, feeling and interpreting the world which may support the development of individual and collective sensibilities needed to address HECC.",https://doi.org/10.1525/elementa.330,case study
Building capacities for transformative change towards sustainability: Imagination in Intergovernmental Science-Policy Scenario Processes ,"Scenario development has been recognized as a potential method to explore future change and stimulate a reflective process that can contribute to more informed decision-making. The assessment process under IPBES (the Intergovernmental Science-Policy Platform on Biodiversity and Ecosystem Services) has however shown that the current predominantly biophysical and economic models and scenario processes for exploring the future of biodiversity, ecosystem services and their contributions to human wellbeing are insufficient to capture the complexity and context-specific nature of the problems facing these sectors. Several important challenges have been identified that require a more in-depth analysis of where more imaginative scenario efforts can be undertaken to address this gap. In this paper, we identify six key characteristics necessary for scenario processes: adaptability across diverse contexts, inclusion of diverse knowledge and value systems, legitimate stakeholder engagement that foregrounds the role of power and politics, an ability to grapple with uncertainty, individual and collective thinking mechanisms and relevance to policy making. We compared four cases of imaginative, arts-based scenario processes that each offer aspects of meeting these criteria. These approaches emphasise the importance of engaging the imagination of those involved in a process and harnessing it as a tool for identifying and conceptualising more transformative future trajectories. Drawing on the existing literature, we argue that there is value in fostering more inclusive and creative participatory processes that acknowledge the importance of understanding multiple value systems and relationships in order to reimagine a more inclusive and just future. Based on this, we reflect on future research to understand the transformative role that imagination can play in altering and enhancing knowledge-making for global assessments, including IPBES. We conclude that creative scenario co-development processes that promote imagination and create an opening for more empathetic responses should be considered as complementary tools within the suite of methodologies used for future IPBES scenario development.",https://doi.org/10.1525/elementa.374,case studies
"Creative, embodied practices, and the potentialities for sustainability transformations","This paper argues for an integrative approach to sustainability transformations, one that reconnects body and mind, that fuses art and science and that integrates diverse forms of knowledge in an open, collaborative and creative way. It responds to scholarship emphasizing the importance of connecting disparate ways of knowing, including scientific, artistic, embodied and local knowledges to better understand environmental change and to foster community resilience and engagement. This paper draws on the experience of an arts-based project in Lisbon, Portugal, and explores embodied and performative practices and their potential for climate change transformations. It puts forward and enlivens an example, where such forms of engaging communities can provide new insight into how equitable, just and sustainable transformations can come about. The process involved a series of interactive workshops with diverse arts-based methods and embodied practices to create performative material. From this process, a space emerged for the creation of meaning about climate change. Three key elements stood out in this process as being potentially important for the emergence of meaning-making and for understanding the impact of the project: the use of metaphors, embedding the project locally, and the use of creative, embodied practices. This furthers research, suggesting that the arts can play a critical role in engaging people with new perspectives on climate change and sustainability issues by offering opportunities for critical reflection and providing spaces for creative imagination and experimentation. Such processes may be important for contributing to the changes needed to realize transformations to sustainability.",https://link.springer.com/article/10.1007/s11625-021-01000-2,case study
Creative Art Therapy in a Community's Participatory Research and Social Transformation,"When people come together in community to practice critical inquiry, they develop a capacity to see, reflect, and become subjects of their own development. This article describes arts-based participatory action research in partnership with a nongovernmental organization in Central America. Creative art therapy was culturally adapted and practiced on the macro level to facilitate a community's art-based research, achieving outcomes that contributed to social action and transformation. Popular education, a grassroots pedagogy that aims to transform oppressive power structures, reinforced group norms and facilitation. The results showed that community-based creative art therapy in participatory action research strengthened the personal, spiritual, and social development of the co-researchers, which in turn multiplied broader impacts on their communities.",https://doi.org/10.1080/07421656.2011.578238,case study
Creative arts for sustainability transformations—Exploring children’s theater for the UN Sustainable Development Goals ,"This article responds to recent calls for more creative expressions of climate and sustainability transformations. In particular, research literature argues that the formulation of new narratives of sustainable societies may function as a prominent intervention for system changes. Yet, few empirical studies exist on how creative climate and sustainability storytelling elicit varying levels of awareness and engagement. With the intention to advance scholarship in the role of narratives to create engagement with sustainability transformations, this study investigates children’s theater for the UN Sustainable Development Goals (SDGs) as one research site. By analyzing the interactive children’s theater play “Esmeralda and the Dragon—The Global Sustainability Goals,” we show that creative storytelling can offer a meaningful space for engagement with Agenda 2030 and the UN SDGs. In particular, we find that (1) children’s cognitive and emotional associations and experiences shape the meaning of and responses to the SDGs and (2) the play’s fictional elements resonate with children’s emotional frameworks. Based on the results, we argue that new stories are needed for sustainability transformations and that there is transformative power in the creative and performance arts in this respect, and we call for further exploration of various publics engagements with sustainability storytelling.",https://doi.org/10.1525/elementa.2022.00124,case study
Performing Sustainability: The Power of Theatre in Environmental Communication,"This article interrogates the intersections of performance theory and sustainability communication by foregrounding theatre as a critical modality for re-imagining ecological futures. While dominant environmental discourses frequently privilege technocratic or informational paradigms, this study argues that theatre mobilises affect, embodiment, and collective spectatorship to destabilise anthropocentric narratives and cultivate ecological consciousness. Grounded in performance theory, ecocriticism, and sustainability studies, the paper conceptualises theatre as both an epistemic practice and an experience that disrupts linear models of knowledge transfer. Instead, it provides dialogic spaces where audiences encounter environmental crises as lived, affective, and relational phenomena. Drawing on theoretical frameworks such as performativity, liminality, and eco-aesthetics, the paper situates theatre as a transformative communicative practice that reconfigures human–nature relations and expands the discursive repertoire of environmental sustainability. Rather than functioning as a supplementary cultural form, theatre emerges here as a generative site of environmental meaning-making, capable of reshaping imaginaries, contesting hegemonic narratives of development, and advancing sustainability transitions. The argument contributes to ongoing debates in performance, environmental sciences, development, and sustainability by demonstrating how theatrical praxis extends beyond representation to enact ecological agency and social transformation",https://doi.org/10.37284/ajccrs.4.2.4107,perspective
Audience Participation and Community Transformation: Contemporary Student-Led Theatre for Development Practice in Ghana,"Theatre for Development (TfD) has emerged as a powerful participatory methodology for catalyzing community transformation in Ghana, yet critical questions persist regarding how audience participation actually translates into sustained behavioral change and structural transformation. This article examines the role of audience participation in Ghanaian TfD projects through analysis of theoretical frameworks, established case studies, and recent student-led initiatives in local communities (2024–2025). Five key mechanisms of audience participation are identified: extended community entry, collaborative performance creation, interactive theatrical techniques, structured post-performance dialogue, and sustained engagement. Drawing on recent empirical evidence from four university-supervised TfD projects, all conducted by students from the Department of Theatre Arts at the University of Education Winneba, and reaching over 12,000 community members across diverse development issues; environmental sustainability, educational equity, public health, and economic empowerment, the study demonstrates that participatory theatre, when thoughtfully designed and implemented with authentic community partnerships and linkages to concrete resources, can contribute meaningfully to individual empowerment, community mobilization, and sustainable development outcomes. However, persistent challenges including power dynamics, resource constraints, facilitation capacity gaps, and sustainability limitations require deliberate strategies including inclusive facilitation, community control throughout project cycles, institutional alignment, and long-term commitment from practitioners, policymakers, and development institutions. The evidence suggests that TfD’s transformative potential can be realized by embracing participation as a technique of redistributing power to marginalized voices in development processes.",https://doi.org/10.5296/jsss.v13i1.23418,case studies
A Case Study in Participatory Environmental Art,"This study examines Olafur Eliasson's ""Ice Watch"" series (2014-2018) as a participatory environmental art initiative to raise awareness of climate change. Eliasson demonstrates the effects of global warming by deliberately placing substantial pieces of glacial ice in urban centers such as Copenhagen, Paris, and London. The project integrates geological and human temporal dimensions by promoting public engagement and fostering a sense of intimacy and connection with the melting ice. The installation's ephemeral quality underscores the urgency of addressing climate change and prompts reflection and proactive measures. ""Ice Watch"" is widely acknowledged as an effective instrument for environmental communication, although it faces criticism regarding its ability to universally represent climate impacts. It elicits emotional and mental responses that motivate individuals to alter their behaviour and increase their engagement in community activities. This study emphasizes the significance of participatory art in addressing global environmental challenges and fostering sustainability.",https://doi.org/10.54097/df74w925,case study
Invoking ‘Empathy for the Planet’ through Participatory Ecological Storytelling: From Human-Centered to Planet-Centered Design,"In sustainable design and innovation, appreciation of the Planet as an equal stakeholder with humans and businesses continues to rise. Yet a consistent challenge arises in that people have difficulties relating to the nonhuman and interpret the world in terms of human values and experiences. We need more practical tools to stimulate a connection, especially in its affective dimension, to the Planet and to include nonhuman stakeholders in sustainability developments. To anchor Planetary understanding and considerations, we investigate the role of participatory storytelling to stimulate a reappraisal of the needs of nonhuman stakeholders through empathy building. To posit this, we defined empathy for the Planet as a holistic relationship with human and nonhuman stakeholders. We facilitated workshops where design students, design professionals, and business stakeholders could co-create environmental stories using human and nonhuman character personas. We analyzed the personas, stories, and participants’ feedback on the process experience and impact and observed that story creators experienced empathy for the Planet through projecting and blending their own emotions and intents onto the characters. We discuss, therefore, how ecological story co-creation can be a tool for self-reflection, collective sense-making, and the inclusion of the voice of Planetary stakeholders relevant for sustainable design and to drive sustainability engagement in general. This research confirms the role of stories and imagination in creating a bridge to the natural world through new, human and nonhuman, perspectives.",https://doi.org/10.3390/su15107794,empirical
Commissioning community-based art projects to support engagement with nature-based solutions,"Understanding social-ecological connection is paramount to adoption and long-term viability of nature-based solutions (NbS). Here, we describe a three-year trial of community-engaged participatory research (CBPR) through an artist commission program run by Engage with Nature-based Solutions (http://www.engagewithnbs.ca). The program has thus far commissioned twelve Canadian artists to contribute their artistic research to facilitate conversations about climate change and conceptualizations of NbS. The artists we commissioned created a piece of art for their local community on NbS and climate, facilitated a community-engaged workshop to share their research creation, and supported the development of an online toolkit meant to help other communities engage with NbS and climate change. We suggest that this commission program is a cost-effective way to: (i) reach a diversity of communities typically outside the reach of academia, (ii) enlarge audiences who are engaged with NbS, (iii) provide alternative formats and mediums for engagement and education on NbS, (iv) give credence to artistic work as climate work, and (v) provide opportunities for collaboration between the arts/sciences and community/academia.",https://doi.org/10.3389/frsus.2025.1592706,case study
"Meaningful transdisciplinary collaborations for sustainability: local, artistic, and scientific knowledge","Meaningful transdisciplinary collaborations that weave diverse ways of knowing, doing, and feeling are increasingly recognized as central for enabling just and sustainable transformations. This Special Feature explores the unique contributions of art-science transdisciplinary collaborations in addressing complex social-ecological challenges. Drawing from a series of transdisciplinary projects, we examine how co-created processes between scientists, artists, and local knowledge holders foster new relational dynamics, challenge entrenched power structures, and expand the space for transformative action. The collaborations documented here highlight innovative approaches that emphasize local identities, shared values, emotional and aesthetic engagement, and long-term, caring relationships. We identify key mechanisms, such as participatory visioning, storytelling, material deliberation, and arts-based boundary objects, that facilitate individual and collective agency and deepen connection with place and community. Despite significant challenges, such as time constraints, power imbalances, and institutional inertia, these experiences illustrate the transformative potential of art-science collaborations when designed ethically, reflexively, and with epistemological pluralism. This editorial offers critical insights into the practices, conditions, and innovations that support meaningful art-science engagement, providing guidance for evaluating their impacts. As planetary crises intensify, such collaborations offer hopeful, grounded, and imaginative pathways toward more just and sustainable futures.",https://doi.org/10.5751/ES-16491-300407,case studies
Cocina Colaboratorio: cooking transdisciplinary transformations of local food systems,"Transdisciplinary knowledge co-production has been deemed critical to support the transformative changes needed to navigate toward more just and sustainable futures. Novel collaborations between local stakeholders, artists, designers, and scientists have the potential to further advance such transformations. In this paper, we describe the work of the transdisciplinary project Cocina Colaboratorio. We describe how the project was born and established in three territories of Mexico. We explore how participatory artistic and design practices, centered around the kitchen, play out in creating and operationalizing arenas for exchange and experimentation. We depict the components of our theory of change, including the role of these arenas, individual and collective agency, and leverage points in the transformation of local food systems. We illustrate the challenges encountered and the opportunities to overcome them, namely finding common ground through diverse communication strategies, a collaboration protocol, monitoring, and iterative learning. We assess our outputs and products, the role of funding as an enabler and obstacle, and our strengths and weaknesses. Participatory artistic and design practices have a huge potential to nurture deeper and more meaningful transdisciplinary transformative research around the globe, and we aspire to make deep transformations in each of the three territories while contributing to global sustainability.",https://doi.org/10.5751/ES-15829-300117,case study
‘Raising the temperature’: the arts on a warming planet,"The search for decisive actions to remain below 1.5 °C of global temperature rise will require profound cultural transformations. Yet our knowledge of how to promote and bring about such deep transformative changes in the minds and behaviours of individuals and societies is still limited. As climate change unravels and the planet becomes increasingly connected, societies will need to articulate a shared purpose that is both engaging and respectful of cultural diversity. Thus, there is a growing need to ‘raise the temperature’ of integration between multiple ways of knowing climate change. We have reviewed a range of literatures and synthesized them in order to draw out the perceived role of the arts in fostering climate transformations. Our analysis of climate-related art projects and initiatives shows increased engagement in recent years, particularly with the narrative, visual and performing arts. The arts are moving beyond raising awareness and entering the terrain of interdisciplinarity and knowledge co-creation. We conclude that climate-arts can contribute positively in fostering the imagination and emotional predisposition for the development and implementation of the transformations necessary to address the 1.5 °C challenge.
",10.1016/j.cosust.2017.12.010,review
Envisioning desirable futures in small-scale fisheries: a transdisciplinary arts-based co-creation process,"Despite the critical importance of small-scale fisheries for food security and well-being and the role of fishers as stewards of aquatic ecosystems, their future is uncertain. Tackling narratives that portray small-scale fisheries as obsolete, disparate, and inefficient requires collectively imagining and articulating new, creative, and inspiring narratives that reflect their real contributions and enable transformative futures. Drawing on a transdisciplinary country-level case study, we analyze the process and outcomes of co-creating desirable, plural, and meaningful visions of the future for small-scale fisheries in Uruguay. Using an arts-based approach and leveraging the agency of emerging innovative initiatives throughout the country, different food system actors (fish workers, chefs, entrepreneurs) and knowledge systems (local, experience-based, and scientific) were engaged in a creative visioning process. The results of this arts-based co-creation process include (1) a series of desirable visions and narratives, synthesized into an artistic boundary object; and (2) the stepping stones to a transformative space for collective reflection, learning, and action. Although the artistic boundary object has proven instrumental among multiple and diverse participants, the transformative space encouraged academic and non-academic participants to plan collective actions and to feel more confident, motivated, and optimistic about the future of small-scale fisheries in Uruguay. With this paper we provide a tool, a platform, and a roadmap to counter the dominant bleak narrative, while also communicating the elements that constitute desirable futures for small-scale fisheries in Uruguay. On a broader scale, our contribution reinforces the emerging narrative of the key role that small-scale fisheries have, and will play, in local and global food systems.",https://doi.org/10.5751/ES-14869-290120,case study
"Living community cookbook: transdisciplinary collaboration for constructing recipes with biocultural value

","This research aims to delve into food knowledge and practices concerning the ecological management of food resources, spanning procurement, transformation, and consumption processes, through the lens of creating a cookbook as a tool for decolonizing food knowledge and practices. The impetus for crafting a cookbook alongside an indigenous community in northwestern Mexico stems from the dynamic process of exchanging ecological and food knowledge, where the following questions are posed: What foundational knowledge and essential ingredients underlie the community's food system? And how might the cookbook serve as a catalyst for knowledge exchange and transdisciplinary collaboration? Adopting a qualitative approach, the research employs participatory methodology, involving workshops with women from the Kumiai community of San José de la Zorra, Baja California, Mexico. These workshops aim to spotlight the diversity of foods sourced from the collection of wild species/seasonal crops and to glean insights into the perspectives on food culture from the region. As a result, the study unveils ingredients cultivated and gathered across different seasons, offering a glimpse into the community’s rich food knowledge. A design proposal is articulated to craft recipes that not only respect the essence of the community’s way of life but also resonate with the profound connection people have to the territory. Moreover, the research delves into the significance of decolonizing cookbooks by amplifying indigenous food knowledge and reclaiming narratives from a biocultural perspective. The cookbook emerges as a tool for igniting dialogue about food in relation with the social-ecological context of indigenous and rural communities in northwestern Mexico. Furthermore, it proposes that this model can be adapted to other contexts, needs, and preferences, thereby effectively linking food and territory while challenging dominant culinary narratives.","
https://doi.org/10.5751/ES-15387-290412",case study
Reimagining Ocean Stewardship: Arts-Based Methods to ‘Hear’ and ‘See’ Indigenous and Local Knowledge in Ocean Management,"Current ocean management approaches are often characterised by economic or environmental objectives, paying limited consideration to social and cultural dimensions, as well as Indigenous and local knowledge. These approaches tend to inhibit ocean stewardship, often marginalising coastal communities or limiting people’s access to spiritual, traditional and recreational uses of the ocean and coast. Piloting arts-based participatory research methods to co-create knowledge with co-researchers in Algoa Bay, South Africa finds that these methods can be useful in highlighting cultural connections to the ocean, and remembering and imagining, or reimagining, ways in which people relate to and care for the ocean and coast. For example, using photography and in situ storytelling often allows people to convey memories and histories of more accessible coastlines, or envisaging a future with more inclusive and participatory ocean management. The study finds that there is a strong sense of exclusion from and lack of access to coastal and ocean areas in Algoa Bay where Indigenous and local communities have depended on for spiritual, cultural and recreational purposes for several generations. Co-creation of knowledge regarding connections, values and priorities of the coast and ocean with Indigenous and local communities should therefore be planned for before the implementation of integrated ocean management approaches and intentionally designed as part of adaptive management processes. Emphasising these cultural connections, and better recognising them in ocean management has the potential to include i people’s awareness of the ocean which could translate into an increased sense of care and stewardship towards the ocean and coast as people feel more connected to their contextual seascapes. This could in turn contribute to a more sustainable sociocultural approach to ocean management which is necessary for equitable and sustainable future ocean social-ecological wellbeing.",https://doi.org/10.3389/fmars.2022.886632,case study
9 Dimensions for evaluating how art and creative practice stimulate societal transformations,"There is an urgent need to engage with deep leverage points in sustainability transformations—fundamental myths, paradigms, and systems of meaning making—to open new collective horizons for action. Art and creative practice are uniquely suited to help facilitate change in these deeper transformational leverage points. However, understandings of how creative practices contribute to sustainability transformations are lacking in practice and fragmented across theory and research. This lack of understanding shapes how creative practices are evaluated and therefore funded and supported, limiting their potential for transformative impact. This paper presents the 9 Dimensions tool, created to support reflective and evaluative dialogues about links between creative practice and sustainability transformations. It was developed in a transdisciplinary process between the potential users of this tool: researchers, creative practitioners, policy makers, and funders. It also brings disciplinary perspectives on societal change from evaluation theory, sociology, anthropology, psychology, and more in connection with each other and with sustainability transformations, opening new possibilities for research. The framework consists of three categories of change, and nine dimensions: changing meanings (embodying, learning, and imagining); changing connections (caring, organizing, and inspiring); and changing power (co-creating, empowering, and subverting). We describe how the 9 Dimensions tool was developed, and describe each dimension and the structure of the tool. We report on an application of the 9 Dimensions tool to 20 creative practice projects across the European project Creative Practices for Transformational Futures (CreaTures). We discuss user reflections on the potential and challenges of the tool, and discuss insights gained from the analysis of the 20 projects. Finally, we discuss how the 9 Dimensions can effectively act as a transdisciplinary research agenda bringing creative practice further in contact with transformation research.",https://doi.org/10.5751/ES-14739-290129,case study
Co-creating a festival with and for rural commoning initiatives: a transdisciplinary place-based process,"Transdisciplinary collaboration is well-established in sustainability science scholarship. Stakeholders from the cultural and artistic sector can significantly enrich the co-creation process by providing diverse perspectives on caring for people and places in marginalized areas. A key challenge is engaging these stakeholders early in the co-design phase to foster a sense of co-ownership and shared responsibility. To date, artists and cultural experts are mostly involved as service-providers, with little opportunity to embed their visions and values in the project at stake. Drawing on a legacy of transdisciplinary and participatory action research, we present an early collaboration involving architects, designers, cultural and sports association members, educators, farmers, workshop facilitators, and artists. This collaboration focused on co-creating a rural festival to showcase and connect commoning initiatives, and to foster a sense of care for community and environment, in a moment of vulnerability and isolation due to the COVID-19 pandemic. Our case study illustrates how festivals can catalyze enthusiasm and energy, engaging the wider public in lived experiences of collective care for social-ecological systems, and providing a platform for marginalized voices, challenging dominant narratives about rural livelihoods and well-being. The research highlights the potential for creating actionable knowledge that is reflective of local contexts and needs. Results also demonstrate how arts- and place-based methods can provide boundary objects that blur disciplinary differences and facilitate dialogue on complex and sensitive sustainability-related issues. We discuss how these methods can be further incorporated into transdisciplinary research and reflect on the practical and ethical challenges posed by early co-design and festive events.",https://doi.org/10.5751/ES-16095-300308,case study 
Climate change and the imagination,"This review article surveys the complex terrain of the imagination as a way of understanding and exploring the manifestations of anthropogenic climate change in culture and society. Imagination here is understood as a way of seeing, sensing, thinking, and dreaming that creates the conditions for material interventions in, and political sensibilities of the world. It draws upon literary, filmic, and creative arts practices to argue that imaginative practices from the arts and humanities play a critical role in thinking through our representations of environmental change and offer strategies for developing diverse forms of environmental understanding from scenario building to metaphorical, ethical, and material investigations. The interplay between scientific practices and imaginative forms is also addressed. Thematically, this review addresses the modalities of climate futures, adaptive strategies, and practices of climate science in its study of key imaginative framings of climate change.",https://doi.org/10.1002/wcc.117,review